"ID";"Aantal";"Onderdeel";"Type / maat";"Specificatie";"Functie / reden"
"M-A/B/C";"3";"Stappenmotor";"NEMA 17 · 42 × 42 × 48 · as Ø5";"1,8° · 0,45 Nm houdkoppel";"Drie aandrijvingen; 0,20 Nm dynamisch te verifiëren."
"BR";"3";"Motorbeugel";"Aluminium 5 mm · gaten 31 mm";"Sleuf ±5 mm · M3 motor / M5 basis";"Uitlijning en instelbare riemspanning."
"S-A/B";"2";"Krukas";"Geslepen staal Ø8 · circa 100 / 132 mm";"Klemnaven · lagerafstand 32 mm";"Arm- en riemlast naar frame."
"S-C";"1";"Papierspindel";"Staal Ø12 · circa 95 mm";"Lagerafstand 44 mm · flens Ø60";"Draagt plateau en kantelmoment."
"608";"8";"Groefkogellager";"608-2RS · 8 × 22 × 7 mm";"4 aslagers + 2 ellebogen + 2 penlagers";"Vrije draaipunten; onafhankelijke armen aan P."
"6001";"2";"Spindellager";"6001-2RS · 12 × 28 × 8 mm";"Eén lokaliserend, één axiaal zwevend";"Radiale en lichte axiale last; geen ongecontroleerde voorspanning."
"H";"3";"Lagersteun";"2 torens Ø44 / 1 spindelhuis";"Aluminium · boringen in één opspanning";"Parallelle assen; zittingen op fabrikantpassing afstemmen."
"P20";"3";"Motorpulley";"HTD 3M · 20T · Ø5 klemnaaf";"Steekdiameter 19,10 mm · riem 9 mm";"Geen losse tandwielparen."
"P60";"2";"Krukpulley";"HTD 3M · 60T · Ø8 klemnaaf";"Steekdiameter 57,30 mm · reductie 3:1";"Meer koppel en fijner uitgangsstappen."
"P80";"1";"Papierpulley";"HTD 3M · 80T · Ø12 klemnaaf";"Steekdiameter 76,39 mm · reductie 4:1";"Eigen trage papierrotatie."
"T-AB";"2";"Gesloten tandriem";"270-3M-09 · 90 tanden";"Hartafstand 72.47 mm · circa 149° omwikkeling";"Spanning volgens leverancier; geen overmatig voorspannen."
"T-C";"1";"Gesloten tandriem";"519-3M-09 · 173 tanden";"Hartafstand 182.24 mm · circa 162° omwikkeling";"Motor onder tafel; beschikbaarheid controleren."
"K-A/B";"2";"Kruk";"Aluminium 8 mm · hartafstand 40 mm";"16 mm breed · split-klemnaaf Ø8";"Star aan as; elleboog draait vrij."
"L-A/B";"2";"Koppelarm";"Aluminium koker 20 × 20 × 1,5 mm";"A 360 / B 340 mm tussen lagercentra";"Licht en stijf; metalen eindstukken."
"E";"2";"Elleboog-schouderpost";"Staal Ø8 schouder · M6 doorbout + borgmoer";"608 · binnenring-spacers · vrij 360°";"Korte uitkraging, geen vorkwand in de volledige armomloop."
"P";"1";"Gemeenschappelijke penas";"Ø8 schouderas · twee losse 608-zittingen";"Armvlakken z84 / z116 · axiale shim 0,2–0,5 mm";"Coaxiaal XY; geen starre hoekverbinding."
"PEN";"1";"Veerbelaste penhouder";"Pen Ø8–12 · verticale schuifbus";"Circa 2 N druk · 5 mm veerweg · handlift";"Schuift alleen Z; geen extra XY-geleiding."
"PL";"1";"Papierplaat";"Ø526 × 4 mm aluminium · flens Ø60";"A3 420 × 297 · clips max. z36";"Vlakheid en slingering bij bouw meten."
"BASE";"1";"Draagplaat + onderframe";"790 × 770 × 8 mm aluminium";"2020 profielen + dwarssteun · 90 mm vrije hoogte";"Stijve referentie zonder behuizing."
"FIX";"1";"Montageset";"M3/M5/M6 · paspennen · shims · askragen";"Circa 12 M3 + 32 M5 + 6 M6; 6 askragen";"Boutborging; spacers voorkomen lagerklemming."
"REF";"3";"Referentievlag + sensorsteun";"Eén per uitgaande as";"Gecoördineerd referentiepad";"Echte homing vereist sensoren; hier virtueel."