"Onderdeel";"Aantal";"Afmetingen";"Materiaal";"Specificatie / opmerking"
"Stappenmotor A · SY42STH38-1684A";"1";"42.3 × 42.3 × 38 mm; as Ø5 mm";"Staal / koper";"1.8°; 1.68 A; 2.8 V per fase; houdkoppel 0.36 Nm. 4 × M3 op 31 mm. Dynamisch koppel: datasheetcurve bij 24 V / 1,68 A / halfstap."
"Aandrijfas A";"1";"Ø8 × 98 mm";"Staal";"Schouderas met borging; lagerpassingen nog vastleggen."
"Lagersteun A";"1";"Ø44 mm; lagerafstand 32 mm";"Aluminium";"Eén lager lokaliseert axiaal; tweede buitenring kan axiaal schuiven."
"Uitgangstandwiel A";"1";"60 tanden; module 1.5; steek Ø90 × 9 mm; boring Ø8";"Nog kiezen";"Rechte tanden, 20° drukhoek; reductie 3:1; hartafstand 60 mm. Motor en uitgang draaien tegengesteld. Naaf en materiaal vóór bouw kiezen."
"Kruk A";"1";"65 mm h.o.h. × 16 × 8 mm";"Aluminium";"Klemnaaf Ø8; elleboogscharnier Ø8."
"Penarm A";"1";"360 mm h.o.h.; koker 20 × 20 × 1.5 mm";"Aluminium";"Met eindstukken en vrije scharnieren; armlaag z84 mm."
"Stappenmotor B · SY42STH38-1684A";"1";"42.3 × 42.3 × 38 mm; as Ø5 mm";"Staal / koper";"1.8°; 1.68 A; 2.8 V per fase; houdkoppel 0.36 Nm. 4 × M3 op 31 mm. Dynamisch koppel: datasheetcurve bij 24 V / 1,68 A / halfstap."
"Aandrijfas B";"1";"Ø8 × 130 mm";"Staal";"Schouderas met borging; lagerpassingen nog vastleggen."
"Lagersteun B";"1";"Ø44 mm; lagerafstand 32 mm";"Aluminium";"Eén lager lokaliseert axiaal; tweede buitenring kan axiaal schuiven."
"Uitgangstandwiel B";"1";"60 tanden; module 1.5; steek Ø90 × 9 mm; boring Ø8";"Nog kiezen";"Rechte tanden, 20° drukhoek; reductie 3:1; hartafstand 60 mm. Motor en uitgang draaien tegengesteld. Naaf en materiaal vóór bouw kiezen."
"Kruk B";"1";"65 mm h.o.h. × 16 × 8 mm";"Aluminium";"Klemnaaf Ø8; elleboogscharnier Ø8."
"Penarm B";"1";"340 mm h.o.h.; koker 20 × 20 × 1.5 mm";"Aluminium";"Met eindstukken en vrije scharnieren; armlaag z116 mm."
"Stappenmotor C · SY42STH38-1684A";"1";"42.3 × 42.3 × 38 mm; as Ø5 mm";"Staal / koper";"1.8°; 1.68 A; 2.8 V per fase; houdkoppel 0.36 Nm. 4 × M3 op 31 mm. Dynamisch koppel: datasheetcurve bij 24 V / 1,68 A / halfstap."
"Aandrijfas C";"1";"Ø12 × 95 mm";"Staal";"Schouderas met borging; lagerpassingen nog vastleggen."
"Lagersteun C";"1";"Ø42 mm; lagerafstand 44 mm";"Aluminium";"Eén lager lokaliseert axiaal; tweede buitenring kan axiaal schuiven."
"Uitgangstandwiel C";"1";"80 tanden; module 1.5; steek Ø120 × 9 mm; boring Ø12";"Nog kiezen";"Rechte tanden, 20° drukhoek; reductie 4:1; hartafstand 75 mm. Motor en uitgang draaien tegengesteld. Naaf en materiaal vóór bouw kiezen."
"Motortandwiel";"3";"20 tanden; module 1.5; steek Ø30 × 9 mm; boring Ø5";"Nog kiezen";"Rechte tanden, 20° drukhoek; klemnaaf voor motoras."
"Motorbeugel";"3";"54 × 54 × 5 mm; 4 × M3 op 31 mm";"Aluminium";"Vaste bevestiging met beperkte uitlijnmogelijkheid voor tandspeling."
"Groefkogellager 608-2RS";"6";"8 × 22 × 7 mm";"Lagerstaal";"Vier hoofdlagers en twee ellebooglagers."
"Penlager 6804";"2";"20 × 32 × 7 mm";"Lagerstaal";"Onafhankelijke armrotatie rond de holle penas. Uitvoering en passing nog kiezen."
"Plateaulager 6001";"2";"12 × 28 × 8 mm";"Lagerstaal";"Twee gescheiden lagerposities op de papierspindel."
"Elleboogscharnier";"2";"Schouderpost Ø8 mm; M6 borging";"Staal";"Schroefdraad buiten het draaiende lagervlak."
"Holle penas";"1";"Ø20; boring Ø13 mm";"Staal";"Pen loopt door beide armlagers. Schouders en borgmoer nog detailleren."
"Afstandbus en axiale borging";"1";"Ø24/20; afstandbus 25 mm";"Staal";"Borgt de binnenringen; één buitenring houdt axiale vrijheid."
"Penhouder met manuele klemschroef";"1";"Ø28 × 22 mm; pen Ø6–12 mm";"Aluminium";"Handmatig vaste penhoogte; M4 klemschroef met Ø16 handknop en zachte drukpad."
"Centreerbus en drukpad";"1";"Bus passend op pen; drukpad 6 × 6 × 2 mm";"Nylon / TPU";"Vervangbare zachte contactdelen."
"Draaiplateau";"1";"Ø210 × 4 mm";"Aluminium";"Gecentreerde papierschijf; draaiende massa 0.45 kg is een inschatting inclusief flens."
"Rond papier";"1";"Ø210 mm; veilige tekenzone Ø190 mm";"Papier";"Uit A4 210 × 297 mm geknipt; gecentreerd en vastgezet."
"Spindelflens";"1";"Ø60 × 8 mm";"Aluminium";"Verbindt de plaat met de papierspindel."
"Frame en draagplaat";"1";"605 × 605 × 8 mm; profiel 20 × 20 mm";"Aluminium";"Doorvoeren bij aandrijfassen; definitieve uitsparingen nog uitwerken."
"Bevestigingsmateriaal";"1";"M3 / M4 / M5 / M6; aantallen bij montage bepalen";"Staal";"Bouten, borgmoeren en afstandsringen."